Disease,Morning,Lunch,Snacks,Dinner,Night
bacterial_pneumonia,Warm oatmeal with berries and honey,Grilled chicken salad with olive oil dressing,A handful of mixed nuts and herbal tea,Steamed fish with quinoa and broccoli,Warm ginger tea with lemon
tuberculosis,Whole grain cereals,Steamed vegetables with lean protein,Fresh fruits like apples or oranges,Grilled fish with a side salad,Herbal teas for hydration
urinary_tract_infection,Cranberry juice with whole grain toast,Brown rice with lean turkey and spinach,Fresh cucumber and carrot sticks with hummus,Baked salmon with asparagus and mashed sweet potatoes,Green tea with a slice of melon
lyme_disease,Whole grain cereals,Steamed vegetables with lean protein,Fresh fruits like apples or oranges,Grilled fish with a side salad,Herbal teas for hydration
bacterial_conjunctivitis,Whole grain cereals,Steamed vegetables with lean protein,Fresh fruits like apples or oranges,Grilled fish with a side salad,Herbal teas for hydration
gonorrhea,Whole grain cereals,Steamed vegetables with lean protein,Fresh fruits like apples or oranges,Grilled fish with a side salad,Herbal teas for hydration
syphilis,Whole grain cereals,Steamed vegetables with lean protein,Fresh fruits like apples or oranges,Grilled fish with a side salad,Herbal teas for hydration
strep_throat,"Smoothie with bananas, yogurt, and honey",Soft scrambled eggs with whole wheat toast,Warm broth or soup with crackers,Mashed potatoes with steamed chicken,Warm herbal tea with ginger and honey
chlamydia,Whole grain cereals,Steamed vegetables with lean protein,Fresh fruits like apples or oranges,Grilled fish with a side salad,Herbal teas for hydration
meningitis,Whole grain cereals,Steamed vegetables with lean protein,Fresh fruits like apples or oranges,Grilled fish with a side salad,Herbal teas for hydration
otitis_media,Whole grain cereals,Steamed vegetables with lean protein,Fresh fruits like apples or oranges,Grilled fish with a side salad,Herbal teas for hydration
bacterial_skin_infection,Whole grain cereals,Steamed vegetables with lean protein,Fresh fruits like apples or oranges,Grilled fish with a side salad,Herbal teas for hydration
sinusitis,Spicy scrambled eggs with avocado,Chicken soup with a squeeze of lime,Orange slices and almonds,Steamed fish with lemon and saut√©ed vegetables,Peppermint tea with a slice of apple
cholera,Whole grain cereals,Steamed vegetables with lean protein,Fresh fruits like apples or oranges,Grilled fish with a side salad,Herbal teas for hydration
typhoid_fever,Whole grain cereals,Steamed vegetables with lean protein,Fresh fruits like apples or oranges,Grilled fish with a side salad,Herbal teas for hydration
whooping_cough,Whole grain cereals,Steamed vegetables with lean protein,Fresh fruits like apples or oranges,Grilled fish with a side salad,Herbal teas for hydration
legionnaires_disease,Whole grain cereals,Steamed vegetables with lean protein,Fresh fruits like apples or oranges,Grilled fish with a side salad,Herbal teas for hydration
scarlet_fever,Whole grain cereals,Steamed vegetables with lean protein,Fresh fruits like apples or oranges,Grilled fish with a side salad,Herbal teas for hydration
septicemia,Whole grain cereals,Steamed vegetables with lean protein,Fresh fruits like apples or oranges,Grilled fish with a side salad,Herbal teas for hydration
bacterial_endocarditis,Whole grain cereals,Steamed vegetables with lean protein,Fresh fruits like apples or oranges,Grilled fish with a side salad,Herbal teas for hydration
anthrax,Whole grain cereals,Steamed vegetables with lean protein,Fresh fruits like apples or oranges,Grilled fish with a side salad,Herbal teas for hydration
diphtheria,Whole grain cereals,Steamed vegetables with lean protein,Fresh fruits like apples or oranges,Grilled fish with a side salad,Herbal teas for hydration
rheumatic_fever,Whole grain cereals,Steamed vegetables with lean protein,Fresh fruits like apples or oranges,Grilled fish with a side salad,Herbal teas for hydration
shigellosis,Whole grain cereals,Steamed vegetables with lean protein,Fresh fruits like apples or oranges,Grilled fish with a side salad,Herbal teas for hydration
plague,Whole grain cereals,Steamed vegetables with lean protein,Fresh fruits like apples or oranges,Grilled fish with a side salad,Herbal teas for hydration
leprosy,Whole grain cereals,Steamed vegetables with lean protein,Fresh fruits like apples or oranges,Grilled fish with a side salad,Herbal teas for hydration
campylobacteriosis,Whole grain cereals,Steamed vegetables with lean protein,Fresh fruits like apples or oranges,Grilled fish with a side salad,Herbal teas for hydration
brucellosis,Whole grain cereals,Steamed vegetables with lean protein,Fresh fruits like apples or oranges,Grilled fish with a side salad,Herbal teas for hydration
trachoma,Whole grain cereals,Steamed vegetables with lean protein,Fresh fruits like apples or oranges,Grilled fish with a side salad,Herbal teas for hydration
epiglottitis,Whole grain cereals,Steamed vegetables with lean protein,Fresh fruits like apples or oranges,Grilled fish with a side salad,Herbal teas for hydration
